CHR,POS,REF,ALT,beta,Pvalue_ln,pval
chr3,45796521,G,T,0.091562,-4.7763,0.00842712
chr3,101705614,T,C,-0.051448,-3.3382,0.0355008
chr3,45823240,T,C,0.22932,-13.891,9.2729e-07
chr6,41534945,A,C,0.054772,-0.65032,0.521879
chr8,124324323,T,C,0.12501,-1.303,0.271715
chr9,133274084,C,T,-0.10345,-10.15,3.90761e-05
chr12,112919388,G,A,0.001364,-0.045496,0.955523
chr17,49863303,C,T,0.12697,-2.5465,0.0783554
chr17,46142465,T,A,-0.038455,-1.7844,0.167898
chr19,48867352,G,T,-0.0037059,-0.1039,0.901315
chr19,4719431,G,A,0.061888,-4.3281,0.0131926
chr19,10317045,T,A,-0.0085096,-0.1414,0.868142
chr21,33242905,T,C,-0.076077,-5.9241,0.00267421
chr3,45867532,A,G,0.23465,-14.327,5.99602e-07
